<?xml version="1.0" encoding="UTF-8"?>
<project-private xmlns="http://www.netbeans.org/ns/project-private/1">
    <editor-bookmarks xmlns="http://www.netbeans.org/ns/editor-bookmarks/2" lastBookmarkId="0"/>
    <open-files xmlns="http://www.netbeans.org/ns/projectui-open-files/2">
        <group>
            <file>file:/D:/Documents/netbean_prj/version_3.0/web/MKTCustomerList.jsp</file>
            <file>file:/D:/Documents/netbean_prj/version_3.0/web/OrderList.jsp</file>
            <file>file:/D:/Documents/netbean_prj/version_3.0/web/SalerOrderDetail.jsp</file>
        </group>
    </open-files>
</project-private>
